{"n_neutral": 207, "n_positif": 2350, "n_negatif": 1503, "data_neutral": {"Kata Neutral": ["anies", "prabowo", "ganjar", "com", "cawe", "baswedan", "subianto", "persen", "survei", "jokowi"], "Total": [216, 134, 97, 67, 61, 59, 57, 55, 39, 38]}, "data_positif": {"Kata Positif": ["anies", "baswedan", "indonesia", "presiden", "fairplay", "orang", "rakyat", "pimpin", "tokcer", "pilih"], "Total": [2058, 341, 274, 243, 242, 223, 191, 182, 178, 149]}, "data_negatif": {"Kata Negatif": ["anies", "dukung", "aniesbaswedan", "ganjar", "orang", "baswedan", "jokowi", "salah", "prabowo", "presiden"], "Total": [1462, 190, 137, 132, 122, 121, 118, 108, 106, 91]}, "cvs": [0.8553846153846154, 0.8369230769230769, 0.8061538461538461, 0.8461538461538461, 0.7661538461538462, 0.8184615384615385, 0.8523076923076923, 0.8276923076923077, 0.8425925925925926, 0.8148148148148148]}