{"n_neutral": 466, "n_positif": 2079, "n_negatif": 1515, "data_neutral": {"Kata Neutral": ["anies", "prabowo", "ganjar", "baswedan", "com", "cawe", "pilih", "jokowi", "subianto", "persen"], "Total": [509, 226, 176, 110, 89, 85, 71, 69, 62, 58]}, "data_positif": {"Kata Positif": ["anies", "baswedan", "indonesia", "fairplay", "presiden", "orang", "pimpin", "tokcer", "rakyat", "pilih"], "Total": [1797, 280, 243, 241, 203, 191, 180, 176, 167, 124]}, "data_negatif": {"Kata Negatif": ["anies", "dukung", "orang", "aniesbaswedan", "baswedan", "jokowi", "presiden", "salah", "ganjar", "rakyat"], "Total": [1430, 177, 148, 140, 131, 114, 104, 103, 94, 91]}, "cvs": [0.7476923076923077, 0.7784615384615384, 0.7261538461538461, 0.7876923076923077, 0.7815384615384615, 0.7661538461538462, 0.76, 0.7938461538461539, 0.7623456790123457, 0.7592592592592593]}