{"n_neutral": 146, "n_positif": 3141, "n_negatif": 758, "data_neutral": {"Kata Neutral": ["ganjarpranowo", "jalan", "dpubmckjateng", "tajyasinmz", "humasjateng", "provjateng", "laporgub", "wilayah", "dprdjatengprov", "prabowo"], "Total": [146, 38, 33, 26, 26, 25, 24, 23, 23, 21]}, "data_positif": {"Kata Positif": ["ganjar", "ganjarpranowo", "pranowo", "app", "indonesia", "jokowi", "presiden", "dukung", "jateng", "prabowo"], "Total": [1978, 1839, 863, 364, 325, 283, 276, 270, 223, 197]}, "data_negatif": {"Kata Negatif": ["ganjarpranowo", "aniesbaswedan", "ch", "chotimah", "jokowi", "ganjar", "orang", "bokep", "prabowo", "anies"], "Total": [584, 130, 112, 112, 73, 65, 57, 56, 53, 46]}, "cvs": [0.8641975308641975, 0.8950617283950617, 0.9135802469135802, 0.8981481481481481, 0.8888888888888888, 0.8981481481481481, 0.8606811145510835, 0.8792569659442725, 0.8668730650154799, 0.8978328173374613]}