{"n_neutral": 473, "n_positif": 2554, "n_negatif": 1018, "data_neutral": {"Kata Neutral": ["ganjarpranowo", "prabowo", "ganjar", "jokowi", "jalan", "pranowo", "subianto", "dpubmckjateng", "laporgub", "humasjateng"], "Total": [439, 74, 59, 55, 45, 39, 37, 34, 32, 29]}, "data_positif": {"Kata Positif": ["ganjar", "ganjarpranowo", "pranowo", "app", "indonesia", "presiden", "dukung", "jokowi", "pimpin", "jateng"], "Total": [1852, 1402, 795, 363, 289, 247, 244, 204, 185, 175]}, "data_negatif": {"Kata Negatif": ["ganjarpranowo", "aniesbaswedan", "ganjar", "jokowi", "prabowo", "ch", "chotimah", "anies", "orang", "bokep"], "Total": [728, 138, 136, 104, 98, 95, 95, 84, 69, 62]}, "cvs": [0.7777777777777778, 0.7901234567901234, 0.8425925925925926, 0.7932098765432098, 0.7870370370370371, 0.8271604938271605, 0.8142414860681114, 0.8018575851393189, 0.7770897832817337, 0.8018575851393189]}